"","T.Shirts","Hats"
"1","

Orig. $25.00


","

$49.50


"
"2","
Orig. $25.00
","
$49.50
"
"3","

Was $21.99


- 25.00


","

Reg. $36.00


"
"4","
Was $21.99
","
Reg. $36.00
"
"5","
- 25.00
","

Sale $20.99


"
"6","

Sale $18.99


- 19.99


","
Sale $20.99
"
"7","
Sale $18.99
","

Reg. $40.00


"
"8","
- 19.99
","
Reg. $40.00
"
"9","

Reg. $49.50


","

Sale $20.99


"
"10","
Reg. $49.50
","
Sale $20.99
"
"11","

Sale $34.99


","

Reg. $24.00


"
"12","
Sale $34.99
","
Reg. $24.00
"
"13","

Reg. $19.50


","

Sale $17.99


"
"14","
Reg. $19.50
","
Sale $17.99
"
"15","

Was $17.99


","

Reg. $34.00


"
"16","
Was $17.99
","
Reg. $34.00
"
"17","

Sale $12.99


","

Sale $24.99


"
"18","
Sale $12.99
","
Sale $24.99
"
"19","

Reg. $39.50


","

$39.50


"
"20","
Reg. $39.50
","
$39.50
"
"21","

Sale $29.99


","

Reg. $34.00


"
"22","
Sale $29.99
","
Reg. $34.00
"
"23","

Reg. $23.50


","

Sale $19.99


"
"24","
Reg. $23.50
","
Sale $19.99
"
"25","

Was $19.99


","

Reg. $28.00


"
"26","
Was $19.99
","
Reg. $28.00
"
"27","

Sale $15.99


","

Sale $20.99


"
"28","
Sale $15.99
","
Sale $20.99
"
"29","

Reg. $22.50


","

$49.50


"
"30","
Reg. $22.50
","
$49.50
"
"31","

Sale $12.99


","

Reg. $30.00


"
"32","
Sale $12.99
","
Reg. $30.00
"
"33","

Reg. $19.50


","

Sale $21.99


"
"34","
Reg. $19.50
","
Sale $21.99
"
"35","

Was $17.99


","

Reg. $26.00


"
"36","
Was $17.99
","
Reg. $26.00
"
"37","

Sale $12.99


","

Sale $18.99


"
"38","
Sale $12.99
","
Sale $18.99
"
"39","

Reg. $19.50


","

Reg. $42.00


"
"40","
Reg. $19.50
","
Reg. $42.00
"
"41","

Was $14.99


","

Sale $30.99


"
"42","
Was $14.99
","
Sale $30.99
"
"43","

Sale $8.99


","

Reg. $30.00


"
"44","
Sale $8.99
","
Reg. $30.00
"
"45","

Reg. $25.00


","

Sale $21.99


"
"46","
Reg. $25.00
","
Sale $21.99
"
"47","

Sale $19.99


","

$38.00


"
"48","
Sale $19.99
","
$38.00
"
"49","

Reg. $65.00


","

Reg. $25.00


"
"50","
Reg. $65.00
","
Reg. $25.00
"
"51","

Sale $47.99


","

Sale $17.50


"
"52","
Sale $47.99
","
Sale $17.50
"
"53","

Reg. $19.50


","

$28.00


"
"54","
Reg. $19.50
","
$28.00
"
"55","

Was $16.99


","

Reg. $28.00


"
"56","
Was $16.99
","
Reg. $28.00
"
"57","

Sale $11.99


","

Sale $20.99


"
"58","
Sale $11.99
","
Sale $20.99
"
"59","

Reg. $38.50


","

Reg. $32.00


"
"60","
Reg. $38.50
","
Reg. $32.00
"
"61","

Was $28.88


","

Sale $23.99


"
"62","
Was $28.88
","
Sale $23.99
"
"63","

Sale $18.99


","

Reg. $32.00


"
"64","
Sale $18.99
","
Reg. $32.00
"
"65","

Reg. $39.50


","

Sale $23.99


"
"66","
Reg. $39.50
","
Sale $23.99
"
"67","

Was $29.60


","

$24.00


"
"68","
Was $29.60
","
$24.00
"
"69","

Sale $18.99


","

Reg. $24.00


"
"70","
Sale $18.99
","
Reg. $24.00
"
"71","

Reg. $46.50


","

Sale $17.99


"
"72","
Reg. $46.50
","
Sale $17.99
"
"73","

Sale $22.99


","

$49.50


"
"74","
Sale $22.99
","
$49.50
"
"75","

$24.99


","

Reg. $38.00


"
"76","
$24.99
","
Reg. $38.00
"
"77","

Reg. $24.50


","

Sale $21.99


"
"78","
Reg. $24.50
","
Sale $21.99
"
"79","

Sale $11.99


","

$30.00


"
"80","
Sale $11.99
","
$30.00
"
"81","

Orig. $46.50


","

Reg. $34.00


"
"82","
Orig. $46.50
","
Reg. $34.00
"
"83","

Was $26.99


","

Sale $19.99


"
"84","
Was $26.99
","
Sale $19.99
"
"85","

Sale $19.99


","

Reg. $48.00


"
"86","
Sale $19.99
","
Reg. $48.00
"
"87","

Orig. $28.00


","

Sale $32.99


"
"88","
Orig. $28.00
","
Sale $32.99
"
"89","

Was $20.99


- 28.00


","

$58.00


"
"90","
Was $20.99
","
$58.00
"
"91","
- 28.00
","

$20.00


"
"92","

Sale $14.99


- 28.00


","
$20.00
"
"93","
Sale $14.99
","

Reg. $32.00


"
"94","
- 28.00
","
Reg. $32.00
"
"95","

Reg. $49.50


","

Sale $23.99


"
"96","
Reg. $49.50
","
Sale $23.99
"
"97","

Sale $34.99


","

Reg. $48.00


"
"98","
Sale $34.99
","
Reg. $48.00
"
"99","

Reg. $25.00


","

Sale $32.99


"
"100","
Reg. $25.00
","
Sale $32.99
"
"101","

Sale $19.99


","

$32.00


"
"102","
Sale $19.99
","
$32.00
"
"103","

Reg. $32.50


","

$22.00


"
"104","
Reg. $32.50
","
$22.00
"
"105","

Sale $19.99


","

$38.00


"
"106","
Sale $19.99
","
$38.00
"
"107","

Reg. $49.50


","

$55.00


"
"108","
Reg. $49.50
","
$55.00
"
"109","

Was $37.10


","

Reg. $32.00


"
"110","
Was $37.10
","
Reg. $32.00
"
"111","

Sale $25.99


","

Sale $23.99


"
"112","
Sale $25.99
","
Sale $23.99
"
"113","

Reg. $49.50


","

Reg. $26.00


"
"114","
Reg. $49.50
","
Reg. $26.00
"
"115","

Was $39.99


","

Sale $18.99


"
"116","
Was $39.99
","
Sale $18.99
"
"117","

Sale $37.99


","

$24.00


"
"118","
Sale $37.99
","
$24.00
"
"119","

Reg. $59.50


","

$40.00


"
"120","
Reg. $59.50
","
$40.00
"
"121","

Sale $44.99


","

$30.00


"
"122","
Sale $44.99
","
$30.00
"
"123","

Orig. $39.50


","

$28.00


"
"124","
Orig. $39.50
","
$28.00
"
"125","

Was $24.99


- 39.50


","

$20.00


"
"126","
Was $24.99
","
$20.00
"
"127","
- 39.50
","

Reg. $36.00


"
"128","

Sale $22.99


- 29.99


","
Reg. $36.00
"
"129","
Sale $22.99
","

Sale $26.99


"
"130","
- 29.99
","
Sale $26.99
"
"131","

Reg. $39.50


","

Reg. $45.00


"
"132","
Reg. $39.50
","
Reg. $45.00
"
"133","

Was $30.99


","

Sale $31.99


"
"134","
Was $30.99
","
Sale $31.99
"
"135","

Sale $24.99


","

$12.50


"
"136","
Sale $24.99
","
$12.50
"
"137","

Reg. $23.50


","

$28.00


"
"138","
Reg. $23.50
","
$28.00
"
"139","

Was $19.99


","

$48.00


"
"140","
Was $19.99
","
$48.00
"
"141","

Sale $13.99


","

Reg. $28.00


"
"142","
Sale $13.99
","
Reg. $28.00
"
"143","

Reg. $29.50


","

Sale $20.99


"
"144","
Reg. $29.50
","
Sale $20.99
"
"145","

Sale $14.75


","

Orig. $22.50


"
"146","
Sale $14.75
","
Orig. $22.50
"
"147","

Reg. $49.50


","

Now $15.75


"
"148","
Reg. $49.50
","
Now $15.75
"
"149","

Sale $34.99


","

$28.00


"
"150","
Sale $34.99
","
$28.00
"
"151","

Reg. $24.50


","

Orig. $27.50


"
"152","
Reg. $24.50
","
Orig. $27.50
"
"153","

Sale $12.99


","

Now $19.25


"
"154","
Sale $12.99
","
Now $19.25
"
"155","

Reg. $44.50


","

$32.00


"
"156","
Reg. $44.50
","
$32.00
"
"157","

Sale $34.99


","

Reg. $36.00


"
"158","
Sale $34.99
","
Reg. $36.00
"
"159","

Reg. $29.50


","

Sale $26.99


"
"160","
Reg. $29.50
","
Sale $26.99
"
"161","

Sale $14.99


","

$28.00


"
"162","
Sale $14.99
","
$28.00
"
"163","

Reg. $18.00


","

Orig. $23.00


"
"164","
Reg. $18.00
","
Orig. $23.00
"
"165","

Was $15.99


","

Was $18.99


"
"166","
Was $15.99
","
Was $18.99
"
"167","

Sale $9.99


","

Sale $13.99


"
"168","
Sale $9.99
","
Sale $13.99
"
"169","

Reg. $29.50


","

$70.00


"
"170","
Reg. $29.50
","
$70.00
"
"171","

Sale $19.99


","

$78.00


"
"172","
Sale $19.99
","
$78.00
"
"173","

Reg. $39.50


","

Reg. $32.00


"
"174","
Reg. $39.50
","
Reg. $32.00
"
"175","

Was $29.60


","

Sale $23.99


"
"176","
Was $29.60
","
Sale $23.99
"
"177","

Sale $17.99


","

$19.99


"
"178","
Sale $17.99
","
$19.99
"
"179","

Reg. $17.00


","

$38.00


"
"180","
Reg. $17.00
","
$38.00
"
"181","

Sale $6.99


","

$28.00


"
"182","
Sale $6.99
","
$28.00
"
"183","

Reg. $46.00


","."
"184","
Reg. $46.00
","."
"185","

Sale $34.99


","."
"186","
Sale $34.99
","."
"187","

Reg. $39.50


","."
"188","
Reg. $39.50
","."
"189","

Sale $29.99


","."
"190","
Sale $29.99
","."
"191","

Reg. $32.50


","."
"192","
Reg. $32.50
","."
"193","

Sale $19.99


","."
"194","
Sale $19.99
","."
"195","

Reg. $24.00


","."
"196","
Reg. $24.00
","."
"197","

Was $19.99


","."
"198","
Was $19.99
","."
"199","

Sale $10.99


","."
"200","
Sale $10.99
","."
"201","

Reg. $29.50


","."
"202","
Reg. $29.50
","."
"203","

Sale $12.99


","."
"204","
Sale $12.99
","."
"205","

Reg. $19.50


","."
"206","
Reg. $19.50
","."
"207","

Was $16.99


","."
"208","
Was $16.99
","."
"209","

Sale $11.99


","."
"210","
Sale $11.99
","."
"211","

Reg. $26.50


","."
"212","
Reg. $26.50
","."
"213","

Sale $11.99


","."
"214","
Sale $11.99
","."
"215","

Reg. $49.50


","."
"216","
Reg. $49.50
","."
"217","

Was $42.99


","."
"218","
Was $42.99
","."
"219","

Sale $36.99


","."
"220","
Sale $36.99
","."
"221","

Reg. $24.50


","."
"222","
Reg. $24.50
","."
"223","

Was $19.99


","."
"224","
Was $19.99
","."
"225","

Sale $14.99


","."
"226","
Sale $14.99
","."
"227","

Reg. $45.00


","."
"228","
Reg. $45.00
","."
"229","

Was $39.99


","."
"230","
Was $39.99
","."
"231","

Sale $19.99


","."
"232","
Sale $19.99
","."
"233","

Reg. $49.50


","."
"234","
Reg. $49.50
","."
"235","

Sale $28.99


","."
"236","
Sale $28.99
","."
"237","

Reg. $29.50


","."
"238","
Reg. $29.50
","."
"239","

Sale $14.99


","."
"240","
Sale $14.99
","."
"241","

Reg. $24.50


","."
"242","
Reg. $24.50
","."
"243","

Sale $14.99


","."
"244","
Sale $14.99
","."
"245","

Reg. $16.50


","."
"246","
Reg. $16.50
","."
"247","

Was $12.99


","."
"248","
Was $12.99
","."
"249","

Sale $10.99


","."
"250","
Sale $10.99
","."
"251","

Reg. $34.50


","."
"252","
Reg. $34.50
","."
"253","

Was $25.88


","."
"254","
Was $25.88
","."
"255","

Sale $18.99


","."
"256","
Sale $18.99
","."
"257","

Orig. $24.50


","."
"258","
Orig. $24.50
","."
"259","

Now $11.99


","."
"260","
Now $11.99
","."
"261","

Reg. $24.00


","."
"262","
Reg. $24.00
","."
"263","

Was $19.99


","."
"264","
Was $19.99
","."
"265","

Sale $10.99


","."
"266","
Sale $10.99
","."
"267","

Reg. $24.50


","."
"268","
Reg. $24.50
","."
"269","

Was $19.99


","."
"270","
Was $19.99
","."
"271","

Sale $13.99


","."
"272","
Sale $13.99
","."
"273","

Reg. $49.50


","."
"274","
Reg. $49.50
","."
"275","

Was $39.99


","."
"276","
Was $39.99
","."
"277","

Sale $29.99


","."
"278","
Sale $29.99
","."
"279","

Reg. $34.50


","."
"280","
Reg. $34.50
","."
"281","

Sale $29.99


","."
"282","
Sale $29.99
","."
"283","

Reg. $30.00


","."
"284","
Reg. $30.00
","."
"285","

Was $24.99


","."
"286","
Was $24.99
","."
"287","

Sale $17.99


","."
"288","
Sale $17.99
","."
"289","

$39.50


","."
"290","
$39.50
","."
"291","

Reg. $39.50


","."
"292","
Reg. $39.50
","."
"293","

Was $29.60


","."
"294","
Was $29.60
","."
"295","

Sale $17.99


","."
"296","
Sale $17.99
","."
"297","

Reg. $46.50


","."
"298","
Reg. $46.50
","."
"299","

Was $34.88


","."
"300","
Was $34.88
","."
"301","

Sale $22.99


","."
"302","
Sale $22.99
","."
"303",".","."
"304",".","."
"305",".","."
"306",".","."
"307",".","."
"308",".","."
"309",".","."
"310",".","."
"311",".","."
"312",".","."
"313",".","."
"314",".","."
"315",".","."
"316",".","."
"317",".","."
"318",".","."
"319",".","."
"320",".","."
"321",".","."
"322",".","."
"323",".","."
"324",".","."
"325",".","."
"326",".","."
"327",".","."
"328",".","."
"329",".","."
"330",".","."
"331",".","."
"332",".","."
"333",".","."
"334",".","."
"335",".","."
"336",".","."
"337",".","."
"338",".","."
"339",".","."
"340",".","."
"341",".","."
"342",".","."
"343",".","."
"344",".","."
"345",".","."
"346",".","."
"347",".","."
"348",".","."
"349",".","."
"350",".","."
"351",".","."
"352",".","."
"353",".","."
"354",".","."
"355",".","."
"356",".","."
"357",".","."
"358",".","."
"359",".","."
"360",".","."
"361",".","."
"362",".","."
"363",".","."
"364",".","."
"365",".","."
"366",".","."
"367",".","."
"368",".","."
"369",".","."
"370",".","."
"371",".","."
"372",".","."
"373",".","."
"374",".","."
"375",".","."
"376",".","."
"377",".","."
"378",".","."
"379",".","."
"380",".","."
"381",".","."
"382",".","."
"383",".","."
"384",".","."
"385",".","."
"386",".","."
"387",".","."
"388",".","."
"389",".","."
"390",".","."
"391",".","."
"392",".","."
"393",".","."
"394",".","."
"395",".","."
"396",".","."
"397",".","."
"398",".","."
"399",".","."
"400",".","."
